"date","aqi","pm2.5","pm10","so2","co","no2","o3"
"2013-12-02","158","201.3","313.3","154.9","3.207","76.7","20"
"2013-12-03","186","96.5","153.4","68.7","2.063","50.4","46"
"2013-12-04","82","56.9","129.8","89.9","2.175","52.5","31"
"2013-12-05","84","40.6","104.5","70.4","1.864","48.2","46"
"2013-12-06","96","88.2","195.2","97","2.267","66.5","31"
"2013-12-07","152","124.6","218.8","84.6","2.532","77.3","30"
"2013-12-08","170","87.7","153.6","61.9","2.005","51.6","30"
"2013-12-09","79","31.2","82.4","50.1","1.505","43.2","44"
"2013-12-10","88","74.2","164.7","68.2","2.111","53.1","29"
"2013-12-11","101","70.9","147.4","61","2.593","57.9","45"
"2013-12-12","94","78.1","139.8","84","2.985","65.9","33"
"2013-12-13","120","105.7","156.8","89.8","3.472","75.5","33"
"2013-12-14","137","96.4","148.3","99.3","3.313","69.8","26"
"2013-12-15","96","58.7","101.9","59.1","2.757","52.2","41"
"2013-12-16","106","96.6","152.3","61","3.076","63.7","22"
"2013-12-17","181","208","348.8","80.5","3.371","69.2","22"
"2013-12-18","414","415","605.9","76.2","3.947","86.6","19"
"2013-12-19","500","420.5","608.5","88.5","4.115","83.5","16"
"2013-12-20","500","424.2","605.3","111.2","4.244","96.4","16"
"2013-12-21","452","379","518.2","92.4","4.372","86.8","16"
"2013-12-22","437","431","580.6","135.8","5.05","96.2","18"
"2013-12-23","499","531.3","727.5","114.4","5.814","118.3","18"
"2013-12-24","500","598.8","819","129","6.208","126","19"
"2013-12-25","500","520.6","736.4","114.2","6.344","118.6","27"
"2013-12-26","353","103.7","185.1","51.8","2.941","55.1","34"
"2013-12-27","92","82.2","154.1","60.8","2.805","56.6","33"
"2013-12-28","145","110.5","180.8","69.7","3.181","66.4","38"
"2013-12-29","141","128.5","219.4","84","3.569","78","34"
"2013-12-30","170","98.6","168.8","57.6","3.494","68","43"
"2013-12-31","106","68.1","137.4","52.8","3.583","60","43"
"2014-01-01","108","91.1","189.3","70.7","3.892","67.5","32"
"2014-01-02","125","88.7","178.3","65.5","3.653","64.1","33"
"2014-01-03","93","49.5","133.9","49.3","2.695","52","46"
"2014-01-04","116","73.7","173.3","67","3.369","65.3","27"
"2014-01-05","199","151.3","288","107.8","4.15","81.9","19"
"2014-01-06","218","167.7","311.3","146.6","4.252","84.4","16"
"2014-01-07","125","89.5","165","64","3.037","52.5","19"
"2014-01-08","73","34.2","94.6","45.3","2.409","40.4","43"
"2014-01-09","97","64.3","139.3","79.8","2.764","54.5","21"
"2014-01-10","179","135.9","235.7","119","3.032","75.9","17"
"2014-01-11","168","128.5","217.7","93.7","2.704","67.8","28"
"2014-01-12","93","48.1","134.2","62.6","2.171","55.7","35"
"2014-01-13","120","81.1","186.1","75.7","2.759","63.4","22"
"2014-01-14","185","139.9","264.1","97.3","3.369","80.9","19"
"2014-01-15","272","221","362.8","119.4","3.665","90","19"
"2014-01-16","323","272","397","121.7","4.009","99.3","22"
"2014-01-17","234","187","272.3","83.6","3.374","87.3","28"
"2014-01-18","124","93.3","174.3","90.7","2.556","71.9","24"
"2014-01-19","105","56.9","151.1","59.7","1.967","58.7","43"
"2014-01-20","79","45.8","105.7","53.1","2.096","60.1","43"
"2014-01-21","110","77.7","164","65.4","2.567","69.2","27"
"2014-01-22","189","143.5","231.1","95.1","3.072","91.2","26"
"2014-01-23","248","197.5","292.2","112.5","3.358","96.6","39"
"2014-01-24","222","173.6","282.1","99.6","2.726","78.7","28"
"2014-01-25","132","100.2","189.9","77.4","2.511","69.8","30"
"2014-01-26","169","128","219","85.6","2.393","65.2","35"
"2014-01-27","253","202.6","289.9","81.3","2.825","74.7","45"
"2014-01-28","250","199.8","283.2","88.6","2.917","76.7","46"
"2014-01-29","293","242.2","330.7","82.2","3.092","83.8","80"
"2014-01-30","357","302.3","410.5","92.9","3.303","88.9","103"
"2014-01-31","487","527","659","125","3.845","85.3","39"
"2014-02-01","390","344.8","452.9","68.9","3.758","72.5","55"
"2014-02-02","434","397.5","511","65.1","4.332","87","95"
"2014-02-03","254","204.4","326.6","52.4","2.738","53.5","60"
"2014-02-04","123","63.1","194.6","53.8","1.95","35.8","32"
"2014-02-05","84","61.5","87.1","29.9","1.853","30","28"
"2014-02-06","101","75.2","95.2","48.4","1.841","33.1","23"
"2014-02-07","237","186","242.3","57","2.312","61.3","17"
"2014-02-08","231","180.2","231.2","73.4","2.41","46","26"
"2014-02-09","96","69.5","100","55.8","1.932","36.6","41"
"2014-02-10","111","83.3","115","57.8","1.993","43.2","46"
"2014-02-11","165","124.7","164.3","88.4","2.065","51.6","34"
"2014-02-12","233","182.1","230.8","89.6","2.451","55.5","39"
"2014-02-13","199","151.1","185.9","100.7","2.361","52","48"
"2014-02-14","236","184.8","235.3","97.1","2.567","58.3","38"
"2014-02-15","298","247.9","313.5","86.3","3.021","63.1","30"
"2014-02-16","278","227.7","289.9","76.8","2.822","61","27"
"2014-02-17","181","138.2","170.6","43.9","2.515","45.6","23"
"2014-02-18","193","145.9","180.5","59","2.286","45.5","39"
"2014-02-19","174","131.3","166.6","55.3","2.378","56.1","67"
"2014-02-20","192","145.8","205.9","58.5","2.384","55.9","58"
"2014-02-21","258","207.8","292.3","90.1","2.357","63.8","33"
"2014-02-22","292","242","336.4","80.1","2.646","63.9","38"
"2014-02-23","297","246.1","344.8","74.7","2.674","66.2","34"
"2014-02-24","292","241.3","342.9","67.7","2.802","62.1","22"
"2014-02-25","297","245.7","355.2","58.5","2.815","60.7","40"
"2014-02-26","205","163.3","255","43.8","2.627","49.8","16"
"2014-02-27","125","70.4","198.8","43.3","2.087","40.8","35"
"2014-02-28","117","88.6","121.8","38.4","2.139","38.4","15"
"2014-03-01","174","131.7","184.8","43.1","2.606","51.3","17"
"2014-03-02","207","159.1","241.7","54.8","2.897","59.1","17"
"2014-03-03","250","199.8","303","52.9","3.04","62.5","15"
"2014-03-04","148","108.4","173.5","49.5","2.314","48.5","57"
"2014-03-05","156","114.3","191.4","52.3","2.538","52.8","22"
"2014-03-06","167","126.1","161.1","44","2.789","48.9","16"
"2014-03-07","150","114.3","160.2","43.9","2.613","42.5","34"
"2014-03-08","124","93.7","138.1","48.1","2.984","48.9","66"
"2014-03-09","109","81.5","157.6","45.4","3.178","57.7","83"
"2014-03-10","149","111.6","210","50","3.021","58.6","78"
"2014-03-11","104","76.8","150.5","43.7","2.213","47.7","52"
"2014-03-12","107","34.7","162.9","25","1.652","31.7","66"
"2014-03-13","76","32.9","100.2","33.6","1.716","40.9","71"
"2014-03-14","97","49.9","142.2","34.3","1.98","52","65"
"2014-03-15","109","61.4","166.8","37.1","2.135","51.5","83"
"2014-03-16","121","75.7","188.9","34.9","2.301","60.8","89"
"2014-03-17","146","88","237.4","34","2.284","53.2","82"
"2014-03-18","243","110","359.9","36.1","2.248","54.8","23"
"2014-03-19","114","73.8","175.3","30.2","2","42.1","62"
"2014-03-20","75","26.8","98.6","18","1.624","32.5","62"
"2014-03-21","98","50.2","144.2","29.1","2.016","51","68"
"2014-03-22","112","70.4","172.2","37.9","2.47","59.3","96"
"2014-03-23","106","70.7","160.3","37.7","2.439","55.1","87"
"2014-03-24","89","51.8","125.4","38.8","2.002","43.6","87"
"2014-03-25","103","66.6","154.1","28.5","2.076","52.8","105"
"2014-03-26","127","81.2","202.5","34.4","2.122","64","127"
"2014-03-27","104","58.3","156.2","23.4","1.644","41.5","101"
"2014-03-28","191","71","283.4","24.5","1.526","44.9","47"
"2014-03-29","270","92.7","381.7","32.6","1.67","56.2","96"
"2014-03-30","126","81.3","194.7","25.8","1.761","59.3","34"
"2014-03-31","112","84","144.8","18.5","1.767","35.7","66"
"2014-04-01","108","76","149.9","26","1.871","58.1","89"
"2014-04-02","110","77.3","165.5","32.4","1.842","62","60"
"2014-04-03","103","77","137.2","27.7","1.833","51.8","74"
"2014-04-04","103","76.5","136.4","30.9","1.889","52.4","60"
"2014-04-05","92","58.8","130.4","23.7","1.903","48.7","93"
"2014-04-06","108","52.3","164.8","27.2","1.792","51.5","81"
"2014-04-07","91","52.5","131.3","19.7","1.877","48.1","110"
"2014-04-08","108","62.1","163.5","23.4","2.084","62.9","120"
"2014-04-09","117","79.6","180.4","24.2","2.195","59.9","129"
"2014-04-10","124","90.3","188.2","21.8","2.252","61","48"
"2014-04-11","82","59.8","91.4","10","2.2","37.2","39"
"2014-04-12","77","55.7","90.5","11.5","2.157","45.5","78"
"2014-04-13","97","71.1","134.2","13","2.257","48.9","119"
"2014-04-14","105","76.1","144.1","14.4","1.957","42.2","65"
"2014-04-15","74","49.1","90.4","9","1.289","34.1","57"
"2014-04-16","71","47.1","90.7","8.6","1.431","34.3","43"
"2014-04-17","83","57.4","112.9","13.8","1.64","47.5","72"
"2014-04-18","89","64.5","118.2","9.5","1.776","42.5","39"
"2014-04-19","56","34.6","59.9","8.2","1.73","32.8","54"
"2014-04-20","81","56.3","106.1","11.8","1.525","39.5","41"
"2014-04-21","62","37.9","74.6","8.6","1.218","36.6","32"
"2014-04-22","66","38","79.4","11.9","1.143","37.7","82"
"2014-04-23","99","68.4","144.3","15.4","1.31","47","87"
"2014-04-24","112","83.6","163.6","16.3","1.369","40.3","95"
"2014-04-25","145","70.5","187","9","0.919","22.4","48"
"2014-04-26","114","53.8","172","12.4","1.045","31.7","81"
"2014-04-27","183","79.5","312.3","17","1.263","42.6","90"
"2014-04-28","177","80.9","302.3","18.3","1.581","47.7","107"
"2014-04-29","143","71.8","233.8","17.8","1.699","48.6","105"
"2014-04-30","131","67.1","210.8","20.2","1.75","50.1","112"
"2014-05-01","145","60.6","218.7","16.8","1.393","38","56"
"2014-05-02","104","47.6","155.7","15.2","1.243","33.5","80"
"2014-05-03","116","54.3","180.5","20.6","1.435","42.4","54"
"2014-05-04","104","49.5","156.5","16","1.448","32.1","101"
"2014-05-05","100","51.2","148.9","25.2","1.395","42","94"
"2014-05-06","107","60.5","162.7","23.1","1.502","41.1","111"
"2014-05-07","103","53.3","154.6","18","1.439","41.1","123"
"2014-05-08","110","55.7","169.3","20.2","1.434","33.5","115"
"2014-05-09","129","71.3","188.2","13","1.292","16.8","94"
"2014-05-10","60","40","66.8","8.5","1.337","18.3","29"
"2014-05-11","62","25.9","73.8","10.5","1.325","23.3","86"
"2014-05-12","79","40.5","106.7","16.7","1.472","39.6","68"
"2014-05-13","82","49","112","13","1.585","36.3","42"
"2014-05-14","66","30.6","80.5","11.7","1.422","25.9","64"
"2014-05-15","75","35.5","97.6","16.2","1.376","30","109"
"2014-05-16","91","49.3","130.6","20.4","1.656","42.1","43"
"2014-05-17","90","52.1","128.3","19.7","1.749","35.8","129"
"2014-05-18","91","56.9","130","20.1","1.592","35.8","144"
"2014-05-19","101","55","150.3","12.1","1.446","22.4","100"
"2014-05-20","114","64.6","177.1","17.3","1.596","34.2","106"
"2014-05-21","98","53.2","145.2","15.9","1.588","30.7","129"
"2014-05-22","85","55.2","115","10.1","1.572","21.2","98"
"2014-05-23","61","38.4","69","7","1.633","22.9","77"
"2014-05-24","67","38.7","78.3","8.5","1.633","21.8","102"
"2014-05-25","237","112","364.6","10.9","1.426","25","53"
"2014-05-26","162","88.9","258.3","12.6","1.684","31","99"
"2014-05-27","105","53.4","158.5","18.2","1.796","33.4","87"
"2014-05-28","108","64.7","165.1","17.7","1.897","40.8","148"
"2014-05-29","98","64.1","144.9","18.1","1.666","44.3","131"
"2014-05-30","107","60.9","162.9","16.7","1.827","43.4","45"
"2014-05-31","106","71.4","160.3","13.8","1.788","26","116"
"2014-06-01","80","55.4","104","13","1.64","20.5","150"
"2014-06-02","104","72.6","143","12.5","1.889","23.3","166"
"2014-06-03","87","59.3","119.2","13.3","1.732","16.9","150"
"2014-06-04","61","34.3","65.3","9.6","1.617","17.3","96"
"2014-06-05","103","75.6","118.4","11.6","1.75","29.3","154"
"2014-06-06","73","32.6","91.9","10.5","1.37","29","58"
"2014-06-07","65","28.7","77.1","11.6","1.334","34.3","122"
"2014-06-08","80","35.5","95.8","14.6","1.442","38","167"
"2014-06-09","90","47","125.7","25.3","1.543","47.8","170"
"2014-06-10","91","48.5","126.8","23.4","1.349","48.6","144"
"2014-06-11","82","44","109.3","20.3","1.274","50.6","150"
"2014-06-12","146","103.9","201.9","20","1.428","40.5","128"
"2014-06-13","69","45","82.6","9.9","1.078","31.9","73"
"2014-06-14","75","53.9","87.3","8","1.221","32.9","68"
"2014-06-15","67","42.1","76.5","8.7","1.312","34.9","107"
"2014-06-16","74","41.6","91.4","10.6","1.26","37.3","159"
"2014-06-17","58","20.3","65.5","9.2","1.184","25.7","119"
"2014-06-18","78","40","102.9","12.8","1.235","41.1","153"
"2014-06-19","55","25.7","61","11.2","1.163","24.9","50"
"2014-06-20","66","37.5","80.1","14.5","1.338","35.9","75"
"2014-06-21","72","38.2","88.9","9.7","1.364","37.5","129"
"2014-06-22","78","47","100.7","10.9","1.404","38.7","146"
"2014-06-23","69","39.2","85.1","11.5","1.418","29","143"
"2014-06-24","56","33","61.4","8.5","1.229","18.8","81"
"2014-06-25","55","33.9","55.8","9.9","1.378","29.9","64"
"2014-06-26","73","41.7","81.5","12.8","1.574","39.2","178"
"2014-06-27","82","42","99.4","20.5","1.494","42.9","168"
"2014-06-28","88","60.2","121.1","17.7","1.573","42.5","70"
"2014-06-29","61","36.7","52.6","11.9","1.377","27.8","119"
"2014-06-30","99","69.6","127.4","15.4","1.74","46.5","141"
"2014-07-01","107","70.8","148.3","17.9","1.645","45","169"
"2014-07-02","77","27.7","80.6","12.6","1.271","38.5","206"
"2014-07-03","67","29.7","82.8","11.6","1.157","45.4","96"
"2014-07-04","86","40","104","13.2","1.155","49.6","170"
"2014-07-05","79","44.5","93.7","11.1","1.063","30.5","152"
"2014-07-06","83","45","100.2","11.6","1.101","30.2","168"
"2014-07-07","88","44.9","100.3","12.5","1.141","35.7","204"
"2014-07-08","88","49.7","118.7","11.7","1.105","38.9","184"
"2014-07-09","41","16.1","41.5","6.7","0.883","21.4","72"
"2014-07-10","30","13.3","26.5","4.7","0.92","21.9","60"
"2014-07-11","56","21.4","50.2","6.6","1.105","30.1","170"
"2014-07-12","69","27","84.6","6.1","1.035","36.2","158"
"2014-07-13","78","29.5","94","9","1.007","40.4","155"
"2014-07-14","72","28.9","76.4","7.6","0.954","36.7","174"
"2014-07-15","80","41.1","97","13","1.128","49.2","177"
"2014-07-16","83","38","107.5","11.2","1.113","46.6","165"
"2014-07-17","69","25.3","74.7","7.5","0.867","32.1","162"
"2014-07-18","68","35.4","82.3","6.7","0.939","27.1","134"
"2014-07-19","49","15.3","49.7","3.3","0.797","14.7","60"
"2014-07-20","39","11.7","38.5","4","0.853","17.9","51"
"2014-07-21","54","17.3","58.5","6","0.881","24.2","120"
"2014-07-22","77","26.4","87.3","9.5","0.954","27.4","173"
"2014-07-23","52","26.9","52.9","6.2","1.01","23.1","118"
"2014-07-24","59","15.6","52.2","11.8","0.878","28.5","146"
"2014-07-25","76","32.5","88.8","11.9","0.945","47.1","167"
"2014-07-26","86","48.6","112.7","11.3","1.067","42.9","160"
"2014-07-27","86","47.3","103.6","11.3","1.112","34.2","180"
"2014-07-28","96","60.4","128.1","12.8","1.107","34.7","185"
"2014-07-29","91","58.5","120.6","6.7","1.15","35.7","170"
"2014-07-30","90","53.7","117.5","8.2","1.217","31.2","173"
"2014-07-31","97","64.6","119.6","6.8","1.083","26.8","158"
"2014-08-01","123","86.1","151.3","9.6","1.223","30.9","175"
"2014-08-02","113","78.4","159.5","11.5","1.249","37.8","195"
"2014-08-03","112","79.6","158.7","9.3","1.296","41.7","183"
"2014-08-04","94","54.6","134.2","8.3","1.136","33.3","163"
"2014-08-05","80","51.9","106.5","8","1.237","27","159"
"2014-08-06","75","51.8","81.3","7.7","1.3","25.1","63"
"2014-08-07","47","28.5","47","5.5","1.141","25.7","34"
"2014-08-08","35","20.8","33.5","3.3","1.112","25.2","36"
"2014-08-09","40","23.2","40.6","3.9","1.333","29.2","116"
"2014-08-10","64","34.3","73.1","6.3","1.459","37.8","146"
"2014-08-11","83","51.8","106.2","5.5","1.58","49.9","170"
"2014-08-12","59","36.2","73.1","6.3","1.27","44","39"
"2014-08-13","55","25.2","60.3","7","1.1","35.6","114"
"2014-08-14","62","27.4","65.4","11.4","0.98","41","149"
"2014-08-15","69","33.4","85.6","12.6","1.082","54.6","141"
"2014-08-16","85","54.6","117.4","15.2","1.409","51.5","67"
"2014-08-17","77","54.4","96.5","14.6","1.456","34.3","65"
"2014-08-18","79","52.3","91.7","15.4","1.403","34.7","132"
"2014-08-19","83","47.2","106.8","15.1","1.143","49.2","169"
"2014-08-20","89","51","125","18.4","1.247","58.4","148"
"2014-08-21","108","76.2","160.7","17.1","1.357","50.9","153"
"2014-08-22","80","50.7","107","15.8","1.156","38.8","118"
"2014-08-23","75","36.6","98.2","14.7","1.119","44.9","109"
"2014-08-24","57","20.7","64.6","13.3","0.941","39.3","103"
"2014-08-25","70","26.5","87.6","18.9","1.082","57.4","124"
"2014-08-26","94","49","135.8","25.7","1.42","65","157"
"2014-08-27","68","37.2","82.5","12.7","1.132","29.5","119"
"2014-08-28","61","31.7","70.4","13","1.129","31.8","119"
"2014-08-29","66","36.4","76.8","12.1","1.148","31.4","128"
"2014-08-30","43","21.4","46.7","7.1","1.132","26.9","52"
"2014-08-31","49","25.5","52.5","7","1.266","31.7","61"
"2014-09-01","69","44.3","81.9","9.1","1.53","41.2","52"
"2014-09-02","62","33.3","73","11.4","1.355","38.7","92"
"2014-09-03","57","22.6","61","15.5","1.1","45.3","109"
"2014-09-04","74","39.5","94.5","19.8","1.265","56.6","145"
"2014-09-05","86","51.3","116.6","16.1","1.486","55.8","142"
"2014-09-06","74","44","96.5","13","1.199","42.3","128"
"2014-09-07","71","50","82.8","6.7","1.336","35","65"
"2014-09-08","59","38.8","65.7","6.5","1.313","30.4","54"
"2014-09-09","62","42.3","68.8","6.1","1.774","29.5","62"
"2014-09-10","60","42","65.1","6.4","1.405","31.4","38"
"2014-09-11","65","44.7","74.7","5.8","1.128","24.5","58"
"2014-09-12","35","20.9","34.5","7.1","1.051","23.7","51"
"2014-09-13","34","20.6","32.6","7.6","1.16","28","43"
"2014-09-14","22","13.4","20.1","5","1.3","33.3","37"
"2014-09-15","20","12","17.6","7.8","1.56","28.1","37"
"2014-09-16","27","16","25.5","7.6","1.386","28.8","35"
"2014-09-17","31","17.3","29.5","7.3","1.524","33.3","43"
"2014-09-18","56","31.8","60.2","9.9","1.736","36.6","94"
"2014-09-19","74","45.2","96.1","12.8","1.771","47.6","121"
"2014-09-20","90","60.5","127.4","13.9","1.801","53.4","139"
"2014-09-21","92","62.3","130.1","13.6","1.6","46.8","124"
"2014-09-22","72","42.2","91.3","13.1","1.159","37.6","67"
"2014-09-23","46","22.5","49.5","10.4","1.011","33.2","28"
"2014-09-24","62","31","70.7","16.3","1.26","45.4","105"
"2014-09-25","96","65.5","133.5","16.8","1.396","53","54"
"2014-09-26","116","85.6","161.4","17.8","1.557","49.1","120"
"2014-09-27","108","79.7","149.7","14.6","1.614","52.1","45"
"2014-09-28","36","22.9","35.8","7.7","1.105","28.1","64"
"2014-09-29","49","25.9","51.1","9.3","1.238","35.1","100"
"2014-09-30","63","35.7","73.7","10.5","1.162","28.4","87"
"2014-10-01","68","41.9","78.2","10.6","1.356","32.2","54"
"2014-10-02","92","42.8","132.1","11.1","1.482","45.5","67"
"2014-10-03","113","72.1","174.3","17.9","1.498","44.2","92"
"2014-10-04","101","63.3","149.2","16.3","1.48","45.8","80"
"2014-10-05","78","35.7","102.9","17.4","1.238","48.8","77"
"2014-10-06","117","84.1","153.1","21.4","1.459","43.2","146"
"2014-10-07","144","108.9","194.3","25.3","1.545","53.8","136"
"2014-10-08","225","173.9","305.5","26.2","1.855","68.8","113"
"2014-10-09","252","201.4","323","23.6","1.805","61.4","160"
"2014-10-10","131","97.8","182.4","20","1.229","40.4","155"
"2014-10-11","94","53.8","128.8","14.9","0.907","31.1","49"
"2014-10-12","44","18.7","43.8","13.4","0.752","25.2","27"
"2014-10-13","52","22.3","52.3","20.7","0.849","30.5","47"
"2014-10-14","66","37.2","79.9","19.2","1.29","45.2","70"
"2014-10-15","80","49.2","106.3","25","1.472","49.6","30"
"2014-10-16","118","82.9","179","27.8","1.688","63.6","34"
"2014-10-17","109","76.4","150.7","24.9","1.587","52.2","96"
"2014-10-18","122","88.3","169.3","27.1","1.62","58.2","104"
"2014-10-19","141","105.7","189.3","20.6","1.765","57.5","94"
"2014-10-20","104","76.9","137.5","15.7","1.748","49.2","17"
"2014-10-21","119","88.8","156.2","14.8","1.482","52.1","85"
"2014-10-22","152","114.4","209.8","14","1.458","50","30"
"2014-10-23","103","70.4","150.8","15.7","1.787","50.4","63"
"2014-10-24","100","60","146.4","18.8","1.88","55.4","70"
"2014-10-25","106","70.7","156.6","20.4","2.036","56.2","95"
"2014-10-26","114","81.8","165.5","21.2","1.817","59.5","73"
"2014-10-27","102","63.2","149.7","28.3","1.465","43.1","60"
"2014-10-28","90","61","101","26.5","1.27","39.2","21"
"2014-10-29","141","106.6","146.7","22.4","1.517","43.5","17"
"2014-10-30","157","118.6","184.7","32.5","1.751","45.2","29"
"2014-10-31","92","60.5","105.9","20.7","1.535","37.2","29"
"2014-11-01","52","24","55","19.2","1.251","36.5","43"
"2014-11-02","74","26.7","95","19.9","1.234","39.3","67"
"2014-11-03","85","45.1","116.9","22.7","1.599","48.7","58"
"2014-11-04","119","80","184.6","29.4","2.009","61.3","55"
"2014-11-05","73","44.3","89.7","21.7","1.575","47.3","85"
"2014-11-06","104","71.4","153.5","34.3","1.992","55.6","53"
"2014-11-07","124","92.4","170.1","40.5","1.867","50.2","23"
"2014-11-08","154","116.1","197","36.3","2.038","47.8","40"
"2014-11-09","178","134.1","205.5","40","2.22","49.5","25"
"2014-11-10","169","127.3","201.8","37.9","2.225","44.8","17"
"2014-11-11","82","41.5","104.7","23.3","1.506","40.8","64"
"2014-11-12","84","47.4","115.6","24.4","1.729","45.6","54"
"2014-11-13","86","53.7","118.4","26.8","1.783","44.7","51"
"2014-11-14","114","84.1","167.8","51.4","2.119","50","36"
"2014-11-15","102","71.9","126.8","36.5","1.777","40.7","61"
"2014-11-16","104","74","146.2","34.1","2.017","54.1","37"
"2014-11-17","126","94.4","181.9","43.3","2.157","52.7","57"
"2014-11-18","196","147.9","250.9","49.8","2.422","62.9","37"
"2014-11-19","170","129.4","197.8","48.8","2.022","66.7","50"
"2014-11-20","159","119.2","200","40.7","2.043","55.9","72"
"2014-11-21","203","155.4","260.3","52.6","2.474","62","12"
"2014-11-22","240","189.3","288.7","60.6","2.819","56.1","8"
"2014-11-23","188","141.9","208.7","87","2.704","49.6","12"
"2014-11-24","85","61","98.5","27.2","1.803","34.9","11"
"2014-11-25","63","43.3","70.2","25.2","1.414","35.2","37"
"2014-11-26","94","63.5","135.2","35.2","1.694","41.4","13"
"2014-11-27","96","62.7","138","38.2","1.747","41.6","16"
"2014-11-28","78","48.5","104.3","29.5","1.312","40.4","34"
"2014-11-29","118","84.7","179.9","44.5","2.111","45.9","7"
"2014-11-30","70","32.6","86.8","27","1.013","31.3","62"
"2014-12-01","62","25.5","70.6","26.9","0.896","35.7","40"
"2014-12-02","93","58.5","134.1","44.1","1.743","43.9","9"
"2014-12-03","70","24.3","87.6","27.1","1.132","43.5","63"
"2014-12-04","71","34.1","89.8","33.3","1.379","44.9","53"
"2014-12-05","107","65.5","160.6","50.1","2.05","50.8","32"
"2014-12-06","134","99.7","205","55.3","2.306","54.7","10"
"2014-12-07","99","53.5","146.6","39.1","1.861","44.7","39"
"2014-12-08","120","78.3","184.4","73.4","2.157","50.4","33"
"2014-12-09","108","75.2","155.8","55.8","1.867","45.8","13"
"2014-12-10","85","34.9","116.8","31.8","1.371","37","51"
"2014-12-11","99","57","146.1","45.7","1.73","43.7","33"
"2014-12-12","88","44.8","122.7","33.4","1.511","43.4","44"
"2014-12-13","118","79.1","183","48.7","2.199","55.9","26"
"2014-12-14","143","107.6","217.6","54.9","2.468","62","28"
"2014-12-15","100","49.9","140.3","32.1","1.631","37.4","58"
"2014-12-16","61","23.3","70.4","30","1.464","37","55"
"2014-12-17","101","64","150","53","2.285","59.8","37"
"2014-12-18","172","130.4","259.3","77.3","2.721","84.2","20"
"2014-12-19","136","100.7","201.4","59.1","2.229","58","28"
"2014-12-20","72","38","92","64.5","1.53","34.9","26"
"2014-12-21","60","23.9","69.8","29.3","1.279","27.9","51"
"2014-12-22","90","54.9","127.3","63.7","1.879","42.5","32"
"2014-12-23","106","73.6","159.7","61.9","2.247","55.2","30"
"2014-12-24","180","137.2","256.7","71.7","3.072","62.9","19"
"2014-12-25","129","93.3","181.9","89.1","2.548","46","14"
"2014-12-26","151","114.3","230","137.1","3.05","51.5","10"
"2014-12-27","157","116.4","223.2","90.5","2.963","53.5","26"
"2014-12-28","89","55.4","123.1","46.4","2.371","45.8","41"
"2014-12-29","101","65.2","149.4","54.5","2.855","54.4","23"
"2014-12-30","102","66.5","149.3","50.1","2.69","47.6","52"
"2014-12-31","76","20.2","100.7","23.1","1.431","24.8","49"
"2015-01-01","93","54.7","132.6","56.7","2.257","43.1","24"
"2015-01-02","109","75.9","165.6","70.7","2.607","48.9","17"
"2015-01-03","148","111.8","227.4","93.2","3.358","62","22"
"2015-01-04","213","162.8","308.4","106.5","3.748","84.2","23"
"2015-01-05","94","41.6","132","39.5","1.93","36.2","44"
"2015-01-06","66","27.7","79.9","35.5","1.574","30.5","40"
"2015-01-07","93","62.8","128.7","39.2","2.106","40.5","47"
"2015-01-08","103","66.6","142.8","43","2.353","45.8","44"
"2015-01-09","112","74.2","172.2","52.2","2.661","56.8","23"
"2015-01-10","160","121.1","240","62.3","3.224","66","35"
"2015-01-11","204","154.5","289.9","69.7","3.699","76.3","30"
"2015-01-12","213","165.5","300.3","69.3","3.789","66.6","39"
"2015-01-13","195","146.5","275.7","59","3.458","60.3","25"
"2015-01-14","244","192","344.9","57.3","3.954","64.4","20"
"2015-01-15","241","191.5","332.8","48.8","3.856","59.1","48"
"2015-01-16","151","109.2","209.4","47.2","3.528","55.5","48"
"2015-01-17","94","64.6","135","56.2","2.704","47.8","17"
"2015-01-18","75","44","97.2","33","2.532","38.8","53"
"2015-01-19","111","71.1","169.9","62.4","3.27","62","27"
"2015-01-20","105","62.2","143.1","48.2","2.49","46.2","65"
"2015-01-21","70","19.3","86.7","25.3","1.627","33","55"
"2015-01-22","84","50.9","115","54.7","2.214","47.8","35"
"2015-01-23","127","94.6","192.3","70.4","3.11","64.2","31"
"2015-01-24","172","129.6","252.4","87.7","3.397","63.4","31"
"2015-01-25","199","152.7","288.5","46.4","3.375","50.3","11"
"2015-01-26","237","185.5","342","60","3.63","58.8","29"
"2015-01-27","149","114.6","200.5","46.9","3.052","43.5","15"
"2015-01-28","72","51.4","68","38.6","2.289","28","29"
"2015-01-29","73","46.4","86.2","45.8","2.638","31.5","51"
"2015-01-30","62","32.7","72","37.6","2.55","36","38"
"2015-01-31","86","59.4","100.5","41.8","2.597","37.8","25"
"2015-02-01","143","108.1","173.9","50.8","3.127","44","39"
"2015-02-02","170","128.2","211.9","62.2","3.314","51.4","24"
"2015-02-03","199","149.8","244.3","57","3.681","57.8","36"
"2015-02-04","124","91.1","156.7","40.4","2.957","51","57"
"2015-02-05","79","52.6","105.7","41.6","2.538","50.4","48"
"2015-02-06","86","55.3","119.9","43.7","2.748","52.8","50"
"2015-02-07","69","35.9","84.9","35.4","2.038","35.5","64"
"2015-02-08","75","38.8","98.1","39.6","2.189","40.3","57"
"2015-02-09","87","53.1","121.4","54.3","2.458","48.3","45"
"2015-02-10","105","74.8","148.8","43.6","2.943","48.9","74"
"2015-02-11","99","47.8","143.8","34.2","2.856","43.7","67"
"2015-02-12","97","44.7","142.1","36.3","2.752","45.9","70"
"2015-02-13","93","51","133.2","45.8","2.835","47.9","74"
"2015-02-14","125","91","191","58.7","3.366","54.5","33"
"2015-02-15","99","40.3","143.8","26.4","2.178","29.5","68"
"2015-02-16","73","32.8","94.2","26.1","2.203","30.8","72"
"2015-02-17","90","53","127.2","41.8","2.325","39.5","80"
"2015-02-18","130","85.5","205.8","46.6","2.362","31.4","65"
"2015-02-19","102","72.3","141.3","30.8","1.858","18.3","68"
"2015-02-20","85","60.6","103.2","22.6","1.842","20.3","43"
"2015-02-21","109","74.4","135.4","21","2.138","26","80"
"2015-02-22","131","42.2","209.9","20.6","1.618","16.7","49"
"2015-02-23","107","48.2","161.5","31","1.874","24.4","55"
"2015-02-24","111","68.9","169.2","35","2.31","32.9","63"
"2015-02-25","95","47","136.7","23.3","2.279","29.7","77"
"2015-02-26","115","71.7","177.2","54.6","2.578","32.3","58"
"2015-02-27","93","52.7","133.5","27.7","2.188","23.6","54"
"2015-02-28","89","57.5","107.2","18.8","1.932","23.3","51"
"2015-03-01","65","30.9","76.8","25.7","2.096","35.5","54"
"2015-03-02","79","44","105.9","27.7","2.031","33","72"
"2015-03-03","119","35.3","185","15.8","1.235","16.6","65"
"2015-03-04","69","28.7","85.6","28.2","1.445","23.8","47"
"2015-03-05","77","53.6","91.1","19.7","1.559","26.7","35"
"2015-03-06","99","73.4","119.8","27.3","1.927","44.7","60"
"2015-03-07","112","83.6","153","28.8","2.119","50.4","92"
"2015-03-08","103","70.6","138.4","27.8","2.045","49","89"
"2015-03-09","80","35.2","106.6","31.8","1.473","37.3","64"
"2015-03-10","89","50.6","125","39.9","1.467","32.9","39"
"2015-03-11","87","51.7","120.7","33.7","1.573","36.7","72"
"2015-03-12","101","69.8","148.6","36.5","1.864","56.2","87"
"2015-03-13","111","74.4","168.6","44.6","2.107","56.7","123"
"2015-03-14","124","76.9","192.6","42.2","1.718","51","95"
"2015-03-15","153","107.5","251.2","49.5","2.147","68.2","57"
"2015-03-16","179","134","285.8","41","2.575","68.1","122"
"2015-03-17","154","110.9","253.7","39.1","2.4","69.3","49"
"2015-03-18","81","58","96.5","15.1","1.614","29.3","56"
"2015-03-19","66","43","77.9","16.1","1.828","33.2","37"
"2015-03-20","54","26.8","58.2","16.8","1.42","27.6","80"
"2015-03-21","75","37.5","97.7","19.5","1.586","38.5","83"
"2015-03-22","94","56.3","135.4","23.5","1.677","41.9","59"
"2015-03-23","52","30.1","56.5","12.9","1.382","26.1","60"
"2015-03-24","102","65.6","136.3","19.5","1.823","38.8","20"
"2015-03-25","77","55.5","85.5","12.3","1.602","33.8","39"
"2015-03-26","54","36.8","56.3","14.5","1.368","28.8","54"
"2015-03-27","84","60.4","102.3","17.5","1.67","35","43"
"2015-03-28","80","40.1","106.6","17.2","1.799","39.7","80"
"2015-03-29","121","64.5","188.7","25","1.986","43.4","116"
"2015-03-30","85","55.5","117.1","21.6","1.764","37.6","115"
"2015-03-31","107","79.1","158","22","2.151","44.8","71"
"2015-04-01","51","24","60.4","14.1","1.827","27.3","50"
"2015-04-02","67","31.1","87.7","11","1.856","26.5","59"
"2015-04-03","102","72.6","141","21.6","2.486","27.7","60"
"2015-04-04","74","52.9","75.2","12.5","2.127","24.6","42"
"2015-04-05","45","19","45.9","11.8","1.632","20.9","82"
"2015-04-06","52","23.7","54.6","13.9","1.619","25.9","68"
"2015-04-07","74","51.5","80.7","17.5","1.736","27.5","76"
"2015-04-08","73","48.2","92.5","16.5","1.618","29.7","91"
"2015-04-09","80","45.2","107.6","16.7","1.755","37","103"
"2015-04-10","90","48.8","127","17.7","1.769","45","104"
"2015-04-11","82","34.9","111","15.6","1.594","34","80"
"2015-04-12","91","24.5","128.7","12","1.323","26.1","90"
"2015-04-13","62","21.5","73.4","14","1.462","32.2","94"
"2015-04-14","89","49.9","125.3","24.7","1.974","52.3","78"
"2015-04-15","88","38.5","124.5","20.8","2.08","47.9","104"
"2015-04-16","132","45.3","212.4","16.3","1.688","31.5","83"
"2015-04-17","139","61.7","226","26","1.842","47.6","56"
"2015-04-18","119","65.7","186.1","19","1.966","42.2","51"
"2015-04-19","42","17.9","42.6","12.2","1.542","24.6","70"
"2015-04-20","59","33.4","65.3","13.4","1.756","28.9","96"
"2015-04-21","39","12.5","34.5","10.5","1.481","22.7","95"
"2015-04-22","62","28.8","72.3","17","1.763","45.6","82"
"2015-04-23","76","39.7","99.3","17.8","1.729","48.5","117"
"2015-04-24","77","39","100.3","19.3","1.625","49.7","146"
"2015-04-25","87","48.9","121.4","20.5","1.706","53.6","137"
"2015-04-26","83","40.4","113.5","18.4","1.628","47.2","149"
"2015-04-27","69","32.8","86.5","14.5","1.648","41.2","132"
"2015-04-28","81","35.9","108.7","16.9","1.701","48.5","160"
"2015-04-29","94","53.7","135","20.6","1.732","41.5","149"
"2015-04-30","95","55.3","137.3","18.6","1.678","29.9","155"
"2015-05-01","76","31","95.7","11.3","1.436","20.9","60"
"2015-05-02","64","28.3","74.6","13.3","1.683","29.1","121"
"2015-05-03","63","27.7","74.1","15.7","1.573","40.2","80"
"2015-05-04","67","31.2","80.7","17.6","1.614","37.6","138"
"2015-05-05","73","37","94","16.8","1.491","38","140"
"2015-05-06","68","27.3","83.6","16.2","1.302","39.6","138"
"2015-05-07","93","51","130.1","21.1","1.615","43.3","74"
"2015-05-08","67","29.2","82.5","12.6","1.414","34.8","124"
"2015-05-09","72","33.4","92.4","14.9","1.342","32.3","126"
"2015-05-10","68","35","86.7","12.1","1.37","25.6","71"
"2015-05-11","60","18.9","71","13","1.237","23.7","95"
"2015-05-12","78","34.4","103.4","16.2","1.598","49.3","133"
"2015-05-13","97","48.8","141.5","16.9","1.958","52.3","176"
"2015-05-14","95","53.5","138.3","21","1.882","44.8","131"
"2015-05-15","67","33.3","81.6","12.9","1.364","26.5","143"
"2015-05-16","100","51.7","148","19.9","1.704","49","100"
"2015-05-17","104","59","155.1","18.4","1.978","52","131"
"2015-05-18","84","38.7","116.4","14.5","1.565","38.5","135"
"2015-05-19","101","49.4","149.9","22.1","1.56","39","154"
"2015-05-20","87","41.2","122.1","25.7","1.464","25","105"
"2015-05-21","65","41","73.8","11.9","1.477","22.8","86"
"2015-05-22","77","49.4","86.7","14.2","1.691","29.8","156"
"2015-05-23","75","37.3","82.8","17.4","1.622","37.3","177"
"2015-05-24","85","45.7","110.8","20.7","1.698","44.6","172"
"2015-05-25","76","43.8","100","19.5","1.541","33.2","135"
"2015-05-26","77","48.9","93.3","18.5","1.516","33.8","159"
"2015-05-27","89","57.7","114","19.2","1.534","38.3","179"
"2015-05-28","83","51.2","112.3","18.8","1.421","34.3","77"
"2015-05-29","58","29.9","61.9","11.5","1.158","21.3","127"
"2015-05-30","71","32.9","88.3","13.2","1.279","31.8","132"
"2015-05-31","71","36.9","88.6","14.1","1.329","32.4","132"
"2015-06-01","65","42.8","76.7","12.9","1.393","30.6","42"
"2015-06-02","63","39.3","72.8","12.8","1.414","32.8","41"
"2015-06-03","66","42.8","75.8","12","1.272","32.8","45"
"2015-06-04","67","29","81.9","11.7","1.013","25.2","99"
"2015-06-05","65","22","78.3","12.8","1.096","38.8","129"
"2015-06-06","61","21.1","64.8","12.8","1.157","32.9","128"
"2015-06-07","65","25.1","78.1","14.7","1.216","36.6","119"
"2015-06-08","73","29.6","92.6","14.4","1.209","35.4","134"
"2015-06-09","83","41.2","109","15.9","1.334","38.6","147"
"2015-06-10","103","34.5","151.1","10.8","1.095","26.9","85"
"2015-06-11","88","34.1","124","15.1","1.05","35.7","102"
"2015-06-12","77","30.4","102","15.8","1.193","45","105"
"2015-06-13","72","28.6","90.7","14.8","1.149","39.3","141"
"2015-06-14","90","42.3","127.8","18.7","1.3","50","139"
"2015-06-15","68","46.3","69.6","7.3","1.21","23.1","87"
"2015-06-16","82","58.8","99.6","7.6","1.423","32.9","72"
"2015-06-17","79","47.7","89.1","8.6","1.527","34.9","159"
"2015-06-18","75","39.3","84.8","9.4","1.45","32.8","185"
"2015-06-19","71","42.8","87.1","11.4","1.396","41.4","179"
"2015-06-20","85","56.2","116","15.1","1.4","37.9","102"
"2015-06-21","79","50.8","96.3","12.5","1.399","25.5","163"
"2015-06-22","65","35.8","78.1","9.7","1.157","24.2","125"
"2015-06-23","59","39.8","67.3","6","1.272","19.6","66"
"2015-06-24","32","13.8","23.7","5.7","1.257","24.2","66"
"2015-06-25","54","17.2","37","5.4","1.469","30.9","193"
"2015-06-26","61","34.6","69.7","6.2","1.48","35.1","50"
"2015-06-27","36","21.1","34.5","4.1","1.093","17.5","67"
"2015-06-28","51","28.9","54.7","5.8","1.089","23.5","65"
"2015-06-29","50","30.4","53","4.2","1.196","30.3","88"
"2015-06-30","66","39.9","80.2","4.5","1.214","28.5","105"
"2015-07-01","70","30.5","78.7","7.2","1.288","42.5","164"
"2015-07-02","71","24.3","76.7","9.8","1.117","44.4","176"
"2015-07-03","79","41.6","104.3","13.3","1.228","43.6","114"
"2015-07-04","74","40.9","88.9","9.6","1.141","39.4","165"
"2015-07-05","73","43.4","94.4","8.3","1.149","36.9","115"
"2015-07-06","65","32","75.8","8","1.025","33.9","120"
"2015-07-07","67","31","70.4","7.8","0.989","28.1","155"
"2015-07-08","79","47.1","100.7","9.4","1.177","35.5","168"
"2015-07-09","105","72","135.7","10.6","1.282","34.3","183"
"2015-07-10","94","65.5","126.3","9.8","1.21","37.5","183"
"2015-07-11","76","44.3","90.7","10.5","1.007","31.5","165"
"2015-07-12","76","40.6","86.4","8.9","1.045","33.5","174"
"2015-07-13","128","55.1","204.3","12.5","1.12","43.1","137"
"2015-07-14","134","74.3","214.6","11.2","1.331","45.3","259"
"2015-07-15","59","32.9","56.5","6.2","0.948","18.2","150"
"2015-07-16","85","53.5","90.2","9","1.152","26.4","193"
"2015-07-17","97","66.2","111.2","9.8","1.081","28.9","196"
"2015-07-18","95","61.7","114.7","9.5","0.995","32.5","189"
"2015-07-19","68","31.3","78.7","6","0.738","24.6","154"
"2015-07-20","81","51.8","95.7","7.3","0.901","30.3","188"
"2015-07-21","64","30.6","72.4","6.3","0.834","35.1","190"
"2015-07-22","55","23.6","61.6","5.6","0.8","33.5","142"
"2015-07-23","59","20.4","66.8","8.3","0.822","35.4","164"
"2015-07-24","64","20.8","77.3","8.8","0.809","40.5","149"
"2015-07-25","87","29.9","104","12","1.076","60","257"
"2015-07-26","97","48.8","135.7","9.9","1.147","55.4","229"
"2015-07-27","71","40.5","92.2","5.2","1.046","36.8","164"
"2015-07-28","62","31.4","72.8","6","0.967","33.8","158"
"2015-07-29","74","33.6","78.7","6.3","1.018","36.7","213"
"2015-07-30","75","37.4","86.1","7.3","1.035","36.6","204"
"2015-07-31","65","27.8","80","7.5","0.892","33.3","152"
"2015-08-01","72","46.3","92","4.8","0.913","30.3","149"
"2015-08-02","69","38.5","84.5","5.6","0.892","29","190"
"2015-08-03","50","29.1","55.9","3.7","0.983","24.9","143"
"2015-08-04","31","14","30.4","5.5","0.87","25.8","77"
"2015-08-05","61","24.1","58","9.8","0.969","40.7","220"
"2015-08-06","71","37.2","80.6","8","0.992","46.1","214"
"2015-08-07","87","61.8","111.7","7","1.049","42.7","165"
"2015-08-08","95","69.5","118","7.4","1.052","33.8","140"
"2015-08-09","102","75.5","132.7","6.5","1.161","39.3","131"
"2015-08-10","79","56","97.7","7.3","1.035","35.2","130"
"2015-08-11","80","56.5","101","8.7","0.962","36.9","132"
"2015-08-12","72","47.8","83.2","7.4","0.864","39.5","118"
"2015-08-13","60","38.2","69.7","7.4","0.95","38.7","148"
"2015-08-14","53","18.1","55.5","6.9","0.771","34.7","107"
"2015-08-15","55","22.1","60.1","9","0.848","44.1","160"
"2015-08-16","73","43.5","95.9","8.8","1.064","53.5","169"
"2015-08-17","169","72.3","284.8","11","0.825","39.3","60"
"2015-08-18","148","72.4","244.5","10","1.062","59.7","28"
"2015-08-19","99","53","147.7","7.6","1.016","40.3","85"
"2015-08-20","64","26.8","77.3","10.3","1.055","49.3","139"
"2015-08-21","58","19.9","65.6","15.3","0.952","52.2","148"
"2015-08-22","70","26.4","79.7","16","1.001","56.2","203"
"2015-08-23","79","33.2","101.6","14.7","1.029","52.8","212"
"2015-08-24","57","33.2","62.4","9","0.916","35.7","164"
"2015-08-25","72","43.4","93.6","13.6","1.046","49.7","174"
"2015-08-26","75","45.3","97.4","14.9","1.123","45.9","181"
"2015-08-27","79","46.4","99.8","18.8","1.174","41.9","210"
"2015-08-28","82","48.6","111.3","17.9","1.172","47.3","190"
"2015-08-29","86","45.1","121.8","18.7","1.196","62","173"
"2015-08-30","94","52.5","137.8","14.7","1.211","53.9","180"
"2015-08-31","71","35","90.5","12.3","1.062","41.8","165"
"2015-09-01","68","38.7","84.8","12.9","1.159","50","166"
"2015-09-02","95","67.7","112.1","12.8","1.363","35.4","143"
"2015-09-03","73","49.5","91.3","10.5","1.06","31","93"
"2015-09-04","48","29.1","48.3","7.1","0.965","23.5","117"
"2015-09-05","57","23.7","64","11.3","0.982","39.2","102"
"2015-09-06","65","25.3","78.9","15.9","1.003","45.6","157"
"2015-09-07","75","49.3","87.4","12.7","1.228","33","143"
"2015-09-08","77","55.7","91.5","10.2","1.342","36.8","84"
"2015-09-09","64","44.1","70","8.4","1.382","37","33"
"2015-09-10","25","13.3","24.8","5.4","1.085","31.1","50"
"2015-09-11","36","11.5","37.2","11.4","0.909","31.5","89"
"2015-09-12","51","19.3","55.6","16","0.926","40.3","106"
"2015-09-13","61","27.7","73.8","15.1","1.056","60.3","64"
"2015-09-14","71","38.9","93","18.6","1.204","53.8","117"
"2015-09-15","78","49.2","105.9","18.7","1.261","53.2","148"
"2015-09-16","90","65.1","117.7","21.6","1.378","53.1","107"
"2015-09-17","102","76","122.4","14.1","1.477","41.5","124"
"2015-09-18","79","53.9","103.5","12.8","1.429","53.2","58"
"2015-09-19","88","60.9","123.3","14.8","1.572","50.2","27"
"2015-09-20","70","36.9","89.5","12.6","1.165","39.6","139"
"2015-09-21","75","44.7","98.8","11.3","1.219","49","94"
"2015-09-22","59","29.1","71","9.3","1.071","37.1","74"
"2015-09-23","54","23.5","62","12","1.018","43.7","97"
"2015-09-24","49","19.3","50.8","12.6","0.817","33.5","80"
"2015-09-25","59","25.7","66.7","16.1","0.973","50.7","125"
"2015-09-26","72","40.3","92.5","16.8","1.02","49.8","130"
"2015-09-27","65","44.5","72.3","10.1","1.025","33","102"
"2015-09-28","74","48.5","93.5","14.6","1.12","41","66"
"2015-09-29","75","49.9","92.7","10.8","1.053","32.5","100"
"2015-09-30","73","50.8","92.6","8.8","1.112","31.1","54"
"2015-10-01","245","45.6","344.7","9.8","0.59","30.1","77"
"2015-10-02","104","40.7","158.3","16.1","0.986","55.1","31"
"2015-10-03","126","67.5","202.4","23.2","1.488","63.3","8"
"2015-10-04","141","87.3","230.7","28.9","1.842","72","46"
"2015-10-05","117","79","184.4","19.3","1.798","65.9","88"
"2015-10-06","119","85.5","170.3","14.6","1.794","64.5","23"
"2015-10-07","94","65.1","118.5","16","1.648","47.8","110"
"2015-10-08","62","24.9","74.2","12.1","1.213","45.5","49"
"2015-10-09","67","28","83.9","13.8","1.185","42.8","58"
"2015-10-10","63","24.3","76.7","18.8","1.035","48.2","81"
"2015-10-11","70","29.1","91.2","18.5","1.066","55","84"
"2015-10-12","81","42.7","111.4","25.2","1.126","67.5","100"
"2015-10-13","116","78.7","181.6","34","1.623","81.8","69"
"2015-10-14","123","85.3","189.3","30.9","1.769","76.9","134"
"2015-10-15","108","74.2","166.2","26.3","1.585","75.8","120"
"2015-10-16","139","103.6","219.1","36","1.958","76.6","130"
"2015-10-17","128","84.6","198.5","25.3","1.908","72","103"
"2015-10-18","121","79.3","191.8","33.1","1.779","72.9","69"
"2015-10-19","182","137.7","276.8","23","1.982","65.5","131"
"2015-10-20","201","152.5","310.1","20.6","2.007","60.8","136"
"2015-10-21","170","128.1","262.8","24","1.906","55.5","147"
"2015-10-22","105","62.3","157.4","23.9","1.166","36.9","81"
"2015-10-23","83","56.5","111.3","14.1","1.197","38.2","60"
"2015-10-24","92","68.5","115.4","11.9","1.763","30.2","41"
"2015-10-25","54","37.6","59","9.9","1.638","25.9","45"
"2015-10-26","42","18.3","43.3","13.4","1.071","25.3","58"
"2015-10-27","64","24.8","78.4","19.4","1.271","40.8","35"
"2015-10-28","86","49","120.8","24","1.567","50.1","9"
"2015-10-29","88","54.8","125.1","22.9","1.456","46","44"
"2015-10-30","55","24.6","62.1","30.6","0.786","32","40"
"2015-10-31","31","16.5","31.2","13.2","0.675","19.5","45"
"2015-11-01","50","22.7","54.3","14.4","0.945","30.2","65"
"2015-11-02","75","45.7","100.4","21.8","1.486","47.8","68"
"2015-11-03","109","77.7","164.4","38.9","2.118","65.6","37"
"2015-11-04","113","79","174.5","26.8","2.056","60.8","41"
"2015-11-05","109","80.4","161.5","26.4","1.745","44.9","50"
"2015-11-06","44","25.8","46.1","14.4","1.274","26.8","52"
"2015-11-07","39","20.2","38.7","16.1","1.48","29.7","14"
"2015-11-08","46","20.4","56.1","18.7","1.53","34.3","48"
"2015-11-09","84","48.5","118.4","22.2","1.72","46.2","54"
"2015-11-10","87","54.5","124.1","23.5","1.764","44.7","11"
"2015-11-11","61","36.9","71.9","25.8","1.618","38.7","24"
"2015-11-12","82","59.2","112.5","23.9","1.54","35.8","26"
"2015-11-13","93","65.6","135.2","22.2","1.745","42.9","28"
"2015-11-14","98","60.6","146.1","33.8","1.953","51.8","23"
"2015-11-15","85","49.2","119.6","27.4","1.918","45.9","28"
"2015-11-16","109","73.5","168.2","23","2.169","48.5","18"
"2015-11-17","94","66.6","134.8","28.4","2.521","46.8","12"
"2015-11-18","59","33.3","67.4","18.3","2.214","41.1","27"
"2015-11-19","77","46.2","102.8","24.5","2.334","42.9","15"
"2015-11-20","93","61.2","135.1","20.7","2.56","47.7","13"
"2015-11-21","67","40.5","84","22","2.092","45.2","11"
"2015-11-22","55","28.8","60","23.1","2.453","47","12"
"2015-11-23","45","26.5","45.5","20.5","2.216","38.1","11"
"2015-11-24","31","17.1","30.5","14.8","1.683","35.4","24"
"2015-11-25","51","24.6","54.8","19.1","1.606","42.5","65"
"2015-11-26","58","26.6","67.7","32","1.482","51.7","34"
"2015-11-27","104","65.2","156.8","43.1","2.233","65.8","45"
"2015-11-28","172","123.5","273.6","35.5","3.218","80.9","16"
"2015-11-29","225","169.8","339.7","37.8","3.626","83.3","32"
"2015-11-30","281","200.7","398.1","32.8","4.373","94.6","14"
"2015-12-01","176","118.2","277.6","26.8","3.558","79","42"
"2015-12-02","109","40.6","165.5","20.4","2.092","45.6","62"
"2015-12-03","80","33.6","110.8","24.5","1.984","44","55"
"2015-12-04","77","41.5","104","32.7","2.155","49.5","50"
"2015-12-05","111","74.5","171","49.9","2.527","67","24"
"2015-12-06","158","119.4","243.1","59.5","3.102","77.6","23"
"2015-12-07","205","156","300.5","56.8","3.496","81.8","26"
"2015-12-08","226","172.9","341","44.7","3.064","61","12"
"2015-12-09","246","188.8","359.5","54.1","2.88","60.8","11"
"2015-12-10","174","132.3","223.8","35.5","2.559","53","13"
"2015-12-11","152","115.7","201","42","2.507","44.6","38"
"2015-12-12","113","85.4","148.9","32.4","2.314","41.8","29"
"2015-12-13","72","46.3","84.2","23","1.976","33.4","40"
"2015-12-14","61","31.3","72.3","27.5","1.725","44.8","45"
"2015-12-15","72","40.1","92.5","26.3","1.538","42.2","62"
"2015-12-16","62","25","73.5","22.6","1.372","44.5","57"
"2015-12-17","78","47.2","105.8","35.3","1.869","55.4","50"
"2015-12-18","100","74.5","140.5","40.8","2.022","69.8","45"
"2015-12-19","149","112.9","192.1","65.3","2.47","71.7","28"
"2015-12-20","206","157.4","268.7","56.1","3.077","82.9","26"
"2015-12-21","280","224.5","377.9","60","3.939","86.6","12"
"2015-12-22","266","216.3","348.4","83.9","3.413","87.5","30"
"2015-12-23","328","267.4","428.5","86.5","3.944","88.9","12"
"2015-12-24","143","102.7","180.9","38.8","2.468","54.2","65"
"2015-12-25","72","44","91.2","35.3","2.604","61.3","51"
"2015-12-26","79","50.2","106.7","36.8","2.873","62.5","58"
"2015-12-27","138","103","193.3","44.8","3.168","66.6","42"
"2015-12-28","194","149.6","284.7","41.2","3.453","67","21"
"2015-12-29","204","159.8","284.4","41.1","4.052","79.3","63"
"2015-12-30","178","136.4","243.9","46.8","4.008","71.5","45"
"2015-12-31","208","160.4","289.3","57.5","3.924","81.8","34"
"2016-01-01","180","137.4","247","58.1","3.709","82.9","56"
"2016-01-02","260","209.1","354","54.3","4.557","99","34"
"2016-01-03","263","213.8","353.1","43.4","4.681","90","41"
"2016-01-04","262","211.7","344.7","54.5","4.509","95.7","23"
"2016-01-05","300","240.6","389.8","45.9","4.964","74.1","38"
"2016-01-06","341","277.7","441.5","43.5","5.351","82.3","33"
"2016-01-07","222","174.9","288.4","39","3.954","67.7","43"
"2016-01-08","184","139.6","238.9","45.1","3.517","65.5","32"
"2016-01-09","208","157.8","265.9","50.4","3.92","70","23"
"2016-01-10","187","141.8","245.6","46","3.992","61.7","45"
"2016-01-11","169","126.8","214.7","48.8","3.164","48.3","40"
"2016-01-12","160","121.3","195","40.1","3.073","46.4","22"
"2016-01-13","164","124.6","225.3","40","3.224","55.9","46"
"2016-01-14","90","60","118.1","30.9","2.475","47.4","65"
"2016-01-15","99","71","144.2","36.6","3.037","61.7","51"
"2016-01-16","156","118.4","219.7","43.1","3.73","79.5","30"
"2016-01-17","111","68.5","158.3","34.3","2.811","48.8","53"
"2016-01-18","77","38.1","104.5","30.3","2.141","40","64"
"2016-01-19","68","35.8","85","45.7","1.792","41.3","44"
"2016-01-20","84","59.3","112.5","34.8","1.887","46.7","38"
"2016-01-21","128","97.1","171.8","35.4","2.103","49.7","61"
"2016-01-22","74","41.3","87.6","20.2","1.312","29.7","58"
"2016-01-23","79","17","107.2","13.3","1.078","21.3","69"
"2016-01-24","65","16.2","82.3","13.8","1.177","21.8","67"
"2016-01-25","67","39.5","83.4","30.5","2.005","55.3","58"
"2016-01-26","85","59.1","116","38","2.373","62.5","65"
"2016-01-27","124","94","177.8","53.5","2.541","71.9","36"
"2016-01-28","116","87.5","168.3","47.8","2.379","68.8","48"
"2016-01-29","186","141.7","252","50.3","3.085","75.2","34"
"2016-01-30","197","150.7","273.8","46.6","3.029","66.8","22"
"2016-01-31","75","47.1","93.8","17.7","1.653","35.3","41"
"2016-02-01","59","35.8","67.5","18.8","1.774","45.2","55"
"2016-02-02","82","59.4","104","25.8","2.055","59","65"
"2016-02-03","137","104","172","37","2.548","78","59"
"2016-02-04","128","96.5","161.1","32.8","2.28","70.4","77"
"2016-02-05","91","57.3","110.1","20.4","1.563","34.4","74"
"2016-02-06","52","24.1","55.8","19","1.291","34","80"
"2016-02-07","74","41.3","95.5","27.3","1.527","38.5","92"
"2016-02-08","251","198.7","279.9","72.9","2.105","51.2","109"
"2016-02-09","172","129.8","194.4","45.6","2.352","58.6","92"
"2016-02-10","183","139.1","222.5","50.2","2.531","59.1","92"
"2016-02-11","204","154.7","241.3","41.3","2.626","50.8","81"
"2016-02-12","128","80.3","163.5","21.4","1.827","24.4","52"
"2016-02-13","74","25.8","97.5","12.3","1.278","14","54"
"2016-02-14","52","18.9","55.1","17.9","1.329","21.3","62"
"2016-02-15","59","33.8","68.3","21.8","1.621","37","74"
"2016-02-16","57","36.3","66.5","23.3","1.608","40","81"
"2016-02-17","63","38.7","75.4","25","1.837","54.5","76"
"2016-02-18","92","63","126.2","27","1.878","61","80"
"2016-02-19","216","74.7","334.6","16.1","1.305","34.8","73"
"2016-02-20","176","62.9","273.3","10.8","1.265","24.5","65"
"2016-02-21","104","64.8","157.4","25.6","1.81","46.2","37"
"2016-02-22","131","90","189.7","30.4","2.13","54.8","63"
"2016-02-23","102","63.8","150.9","26.8","1.538","43.7","59"
"2016-02-24","110","79.5","166.9","37.9","2.09","69.7","58"
"2016-02-25","112","72.6","165.2","27","1.944","63.5","78"
"2016-02-26","89","43.7","127.8","28.2","1.899","62.9","60"
"2016-02-27","87","43.1","124","23.1","1.829","45.5","83"
"2016-02-28","85","36.9","119","20.6","1.513","37.8","69"
"2016-02-29","59","26.4","67.9","24.7","1.558","40.2","76"
"2016-03-01","88","60","124.9","38.6","2.018","65.6","56"
"2016-03-02","95","59.2","136.7","33.3","2.207","70.7","81"
"2016-03-03","100","60.9","149.4","30.9","2.388","77.8","90"
"2016-03-04","166","77.5","250.2","29","2.26","64.3","24"
"2016-03-05","156","63.4","261.6","16.6","1.413","38.4","59"
"2016-03-06","195","90.8","333.2","27.1","1.986","60.6","58"
"2016-03-07","178","92.3","302.5","46.4","2.375","68.8","30"
"2016-03-08","159","95.9","267.3","47.1","2.347","65.4","47"
"2016-03-09","103","48","156.4","27.5","1.707","42.9","32"
"2016-03-10","70","42.2","82.6","15","1.466","38.7","74"
"2016-03-11","87","49","122.9","27.9","1.719","55.3","74"
"2016-03-12","140","105.9","204.1","36.4","2.264","82.8","71"
"2016-03-13","102","63.3","147.3","22.3","1.924","60.1","82"
"2016-03-14","98","54","145","29.8","1.913","56.1","68"
"2016-03-15","115","81.8","178.1","32","2.138","61.7","91"
"2016-03-16","173","131.7","239.1","45.9","2.341","76.1","54"
"2016-03-17","188","144","275.6","37.7","2.446","85","65"
"2016-03-18","137","103.1","188.5","24.6","1.943","74.3","117"
"2016-03-19","133","84.1","208","21.8","1.748","60.5","125"
"2016-03-20","137","94.6","205.3","18.8","1.586","35.8","116"
"2016-03-21","117","77.4","179.8","20.1","1.594","41.5","116"
"2016-03-22","134","99.8","204.2","23.3","1.993","65.5","47"
"2016-03-23","179","134.7","242.7","25.5","2.223","67.9","42"
"2016-03-24","154","115.8","210","24.8","1.993","58.7","37"
"2016-03-25","119","89.5","149.6","13.7","1.571","53.1","79"
"2016-03-26","59","31","68.2","10.7","1.133","40.2","108"
"2016-03-27","74","36.3","98","17.6","1.153","59.2","114"
"2016-03-28","97","49.4","142.9","20.3","1.396","67","129"
"2016-03-29","116","55.8","180.5","31.5","1.716","78.5","102"
"2016-03-30","130","72.4","209.8","29.6","1.905","85.9","139"
"2016-03-31","111","60.2","172.2","22.6","1.679","84.9","138"
"2016-04-01","138","76","224.9","25.4","2.043","97.3","139"
"2016-04-02","152","87","250.8","32","1.79","70.1","162"
"2016-04-03","70","41","89.4","12","1.189","30.6","76"
"2016-04-04","89","58.9","125.5","26","1.448","54.4","52"
"2016-04-05","111","83","142.4","15.5","1.776","57.4","24"
"2016-04-06","69","46.1","75.2","7.6","1.808","50.1","44"
"2016-04-07","77","35.3","103.5","12","1.676","58.2","88"
"2016-04-08","118","64","185.2","20.8","1.811","69.7","89"
"2016-04-09","77","35.2","104","16.5","1.285","48.7","99"
"2016-04-10","111","61.3","172.3","18.7","1.805","68.9","127"
"2016-04-11","132","80.1","213.4","18.6","1.771","68.6","143"
"2016-04-12","134","90.9","214.5","20.4","1.765","70.3","77"
"2016-04-13","123","72.3","194.9","20.7","1.568","65.2","68"
"2016-04-14","98","55.5","144.8","18.2","1.401","56.8","128"
"2016-04-15","76","39.9","105.7","10","1.275","40.9","93"
"2016-04-16","56","23.3","66.6","11.1","1.118","38.1","118"
"2016-04-17","120","44.6","173.3","8.7","1.041","36.6","101"
"2016-04-18","88","51","124.4","18.3","1.333","62.1","113"
"2016-04-19","100","59.1","149","18.2","1.369","63.7","106"
"2016-04-20","90","53.7","129","17","1.463","66","157"
"2016-04-21","100","47.7","148.5","20.7","1.376","74.7","131"
"2016-04-22","95","46.1","140","23.3","1.185","69.9","119"
"2016-04-23","61","25","71","8.8","0.743","36","142"
"2016-04-24","76","49.8","91.4","12.5","0.941","36.6","151"
"2016-04-25","70","41.1","88.8","11.6","0.985","44","140"
"2016-04-26","86","54.8","114.8","16.8","1.146","48.5","163"
"2016-04-27","77","31.4","102.7","17.8","0.978","47.4","133"
"2016-04-28","77","42.1","103.8","17.5","1.057","48","164"
"2016-04-29","104","70.4","146.6","19.8","1.307","68.4","187"
"2016-04-30","101","59.8","145","21.5","1.448","78.5","209"
"2016-05-01","88","48.3","117.5","16.9","1.252","66.6","189"
"2016-05-02","135","41.1","179.3","8.1","0.687","27","114"
"2016-05-03","76","41.5","102.4","17.4","0.894","61.1","144"
"2016-05-04","101","63.9","150.8","28.8","1.312","76.9","178"
"2016-05-05","125","86.8","193.3","33.7","1.563","84","152"
"2016-05-06","112","55","173.9","17.8","1.056","57.7","81"
"2016-05-07","76","43.3","99.4","12.8","1.024","35.3","50"
"2016-05-08","77","55","85","8","1.202","31.7","89"
"2016-05-09","68","35.2","84.4","17.7","1.158","42.3","151"
"2016-05-10","96","55.2","130.5","13.8","1.298","63","196"
"2016-05-11","94","57.4","133","13.5","1.357","62.2","197"
"2016-05-12","198","81.5","296","8.2","0.854","33","102"
"2016-05-13","67","35.6","84","8.8","0.967","37.1","59"
"2016-05-14","40","23.4","39.3","6.7","1.104","35.4","55"
"2016-05-15","59","22.3","69.3","11.3","0.977","36.4","125"
"2016-05-16","63","30.5","76.8","13.4","1.105","54.5","139"
"2016-05-17","87","50","124","18.1","1.398","67.7","164"
"2016-05-18","69","36","87.1","13.2","0.947","38.2","173"
"2016-05-19","81","57.9","103.8","12.1","1.045","37.2","165"
"2016-05-20","95","68","131.5","13.1","1.173","42.4","179"
"2016-05-21","77","50.5","95.3","12.5","1.062","36.9","177"
"2016-05-22","76","49.2","92","11.5","1.041","37.8","143"
"2016-05-23","43","22","39.9","7","0.896","23.6","110"
"2016-05-24","54","20.4","59.4","10.1","0.948","41.4","158"
"2016-05-25","55","24.8","66.3","11.5","0.913","40.8","83"
"2016-05-26","42","19.3","43.2","8.4","0.905","40","68"
"2016-05-27","44","28.3","44.2","5.9","1.015","41","67"
"2016-05-28","56","33","59.8","14.7","1.086","40.9","143"
"2016-05-29","67","26.4","69.2","13","1.161","52.3","204"
"2016-05-30","83","51.7","114.5","16.6","1.463","69.2","192"
"2016-05-31","85","60.2","104.2","11","1.427","55.1","83"
"2016-06-01","62","43.9","64.2","5.6","1.285","30.5","86"
"2016-06-02","46","31.1","42.6","4.2","1.131","29.3","93"
"2016-06-03","52","26.1","48","8.5","1.234","33.9","162"
"2016-06-04","68","29.7","86.7","8.3","1.22","46.2","149"
"2016-06-05","73","27.3","92.3","10.8","1.099","38.1","175"
"2016-06-06","91","66.8","110.4","7.1","1.387","36.3","178"
"2016-06-07","68","29.2","68.2","7","1.138","36.8","208"
"2016-06-08","71","44.4","80.5","8.5","1.267","37.9","172"
"2016-06-09","85","47.9","100.6","8.3","1.219","44.3","218"
"2016-06-10","53","16.4","53.8","7.3","0.941","40.3","175"
"2016-06-11","80","37.9","100.5","11.8","1.16","45.6","212"
"2016-06-12","67","36.1","64.5","7.1","1.117","27.2","192"
"2016-06-13","81","33.4","84","9.6","1.075","41.9","231"
"2016-06-14","70","20.4","91.4","7.8","0.813","28.5","119"
"2016-06-15","59","16.5","68.8","7.5","0.797","29.8","144"
"2016-06-16","53","19.3","53.3","11.5","0.874","42.7","172"
"2016-06-17","65","24.5","62.6","11.3","0.892","44.8","201"
"2016-06-18","87","42.3","96.2","13.4","1.193","58.6","258"
"2016-06-19","83","43.8","92.3","9.3","1.108","38.8","226"
"2016-06-20","84","40.6","87","8.7","1.072","29.5","291"
"2016-06-21","65","31.9","78.9","7.7","1.087","34.5","145"
"2016-06-22","88","40.7","100.4","9.3","1.248","51.2","260"
"2016-06-23","33","15.5","34.8","4.5","1.013","22.6","76"
"2016-06-24","49","22.2","45.6","5.8","1.135","31.8","198"
"2016-06-25","57","33.1","62","6.2","1.22","33.6","180"
"2016-06-26","50","25.3","55.3","8.6","1.144","32.8","145"
"2016-06-27","63","32.3","76.8","8.6","1.1","39.3","165"
"2016-06-28","66","31.1","81.6","7.4","1.028","51","179"
"2016-06-29","76","30","85","9.4","1.118","51.1","256"
"2016-06-30","63","29.1","80.8","8.8","1.074","44.4","172"
"2016-07-01","55","18.7","50.8","7.5","0.956","34.3","194"
"2016-07-02","67","30.3","79.3","8.9","1.073","44.7","190"
"2016-07-03","56","29.9","62.4","6.3","0.982","28.9","137"
"2016-07-04","48","24.2","49.4","6.8","0.888","23.7","154"
"2016-07-05","39","16.5","37.5","5.8","0.772","18.8","122"
"2016-07-06","52","29.9","55","6","0.825","20","159"
"2016-07-07","49","27.1","53.3","6.1","0.854","21.8","99"
"2016-07-08","32","12.8","31.5","4.9","0.746","15.8","76"
"2016-07-09","56","31.9","63.1","5.4","0.909","25.3","144"
"2016-07-10","69","46.1","83.3","4.5","1.069","24.7","142"
"2016-07-11","72","44.5","84.4","5.3","1.034","26.8","193"
"2016-07-12","35","13","34","5.4","0.779","24.2","126"
"2016-07-13","51","22.1","54.5","7.9","0.879","42.4","78"
"2016-07-14","28","12","24.5","5.1","0.829","27.5","95"
"2016-07-15","58","23.4","48","6.8","0.963","37.4","220"
"2016-07-16","63","29","69.4","6.2","0.946","37.8","175"
"2016-07-17","68","26.9","69.2","8.9","0.929","45.4","214"
"2016-07-18","70","47.8","82.8","6.3","0.888","28.3","102"
"2016-07-19","30","13.5","31.5","4.9","0.979","25.3","86"
"2016-07-20","60","23.9","48.5","5.8","1.071","32.6","209"
"2016-07-21","77","27.6","63.5","7.2","1.088","49.9","281"
"2016-07-22","64","32.2","79.1","6.1","0.992","41.3","135"
"2016-07-23","81","47.8","95.3","6.2","1.083","36.5","207"
"2016-07-24","75","49.1","93.2","5.3","1.088","30.6","187"
"2016-07-25","32","13.7","28.5","4.8","0.875","24.5","123"
"2016-07-26","43","17.4","44","6.3","0.879","30.8","103"
"2016-07-27","41","16.8","38.1","5.8","0.813","29.4","158"
"2016-07-28","70","25.9","69.3","8","0.925","49","213"
"2016-07-29","71","30","76.6","7.9","0.913","48","221"
"2016-07-30","58","23.4","65.3","7.9","0.813","40.7","135"
"2016-07-31","52","24.1","55.3","6.7","0.863","31.8","136"
"2016-08-01","62","30","67.1","6.5","0.829","33.6","193"
"2016-08-02","57","28.6","63.1","5.8","0.829","33.5","140"
"2016-08-03","63","41.5","63","5","0.863","25.7","146"
"2016-08-04","66","44.2","70.6","5.8","0.917","25.9","143"
"2016-08-05","62","39.9","72","6.3","0.929","26.9","156"
"2016-08-06","68","45.3","80.4","7.2","1.113","39.4","130"
"2016-08-07","72","49.8","82.6","7.5","1.063","36.3","186"
"2016-08-08","66","43","77.7","5.8","0.946","35.2","120"
"2016-08-09","57","33","63.3","6.5","0.938","30.4","159"
"2016-08-10","57","31.8","63.4","5.7","0.921","33.7","174"
"2016-08-11","57","28.4","64.5","5.8","0.742","32.8","150"
"2016-08-12","49","20.9","51.7","6.3","0.658","29.3","151"
"2016-08-13","54","26.7","59.9","6.4","0.733","30.9","154"
"2016-08-14","48","20.8","49","6","0.65","23.1","132"
"2016-08-15","55","26.2","61.1","5.8","0.708","26.3","147"
"2016-08-16","68","43.6","82.6","6.9","0.988","28.3","170"
"2016-08-17","71","45.2","84.8","6.3","1.296","29","187"
"2016-08-18","78","50.8","96.1","6.8","1.25","31.7","198"
"2016-08-19","50","19","50.5","6.2","0.846","25.7","184"
"2016-08-20","65","42.9","77.7","6.5","1.365","25.7","171"
"2016-08-21","66","44.3","78.9","7.8","1.296","24.4","157"
"2016-08-22","65","39.5","79.6","10.2","1.083","27.4","168"
"2016-08-23","64","41.1","77.2","7.5","1.054","29.9","169"
"2016-08-24","84","55.6","105.3","6.8","1.121","33.8","214"
"2016-08-25","28","13.5","29.6","5.3","0.717","18.1","82"
"2016-08-26","31","11.5","30.7","8.2","0.729","30.2","57"
"2016-08-27","59","29.7","63.1","11.4","0.983","50.5","174"
"2016-08-28","61","28","62.5","14.7","0.892","53.9","189"
"2016-08-29","74","47.8","97.4","18.5","1.029","52.9","155"
"2016-08-30","75","52","98","16.2","1.083","56.5","163"
"2016-08-31","68","40.5","86.3","13.2","1.025","57.8","153"
"2016-09-01","63","28","72.8","16","0.867","54","162"
"2016-09-02","71","31.7","83.7","17.8","0.908","64.2","192"
"2016-09-03","93","52.6","134.9","25.1","1.167","81.1","63"
"2016-09-04","82","38.5","97.7","16.5","1.042","59.1","211"
"2016-09-05","91","59","131.7","19.3","1.188","62.5","183"
"2016-09-06","54","29.9","58.3","11.1","0.846","36.3","105"
"2016-09-07","64","28.7","67","11.5","0.863","50","193"
"2016-09-08","82","42.1","96","18.4","1.017","70.6","228"
"2016-09-09","81","45.8","111.6","16.3","1.092","62.6","133"
"2016-09-10","51","22.4","50.4","12","0.863","41.8","161"
"2016-09-11","74","34.7","97.1","18","0.963","60","170"
"2016-09-12","85","52.2","110.1","18.6","1.271","62.3","58"
"2016-09-13","98","73.3","113.5","15.7","1.442","50.9","137"
"2016-09-14","113","85.3","152.3","12.6","1.521","56.1","85"
"2016-09-15","83","60.4","97.9","9","1.292","50.9","129"
"2016-09-16","92","67","124.5","10.8","1.379","55.4","184"
"2016-09-17","110","82.7","149.2","12.9","1.404","56.1","180"
"2016-09-18","122","92.3","169.1","15.3","1.508","66","48"
"2016-09-19","31","19","30.2","6.1","1.127","38.7","49"
"2016-09-20","58","40.5","60.9","7.6","1.363","44.8","43"
"2016-09-21","66","46.2","79.4","8.8","1.333","48.9","143"
"2016-09-22","78","50.3","99.1","12.3","1.346","60.1","200"
"2016-09-23","90","55.3","120.6","14.6","1.383","74.8","221"
"2016-09-24","76","48.7","101.1","11.5","1.221","66.1","62"
"2016-09-25","81","56.7","103.1","12.8","1.108","49.2","154"
"2016-09-26","110","82.4","139","8.7","1.271","47.9","60"
"2016-09-27","82","59.5","103.8","9.5","1.354","49.4","42"
"2016-09-28","63","38.3","75.6","11.4","1.083","46.2","76"
"2016-09-29","82","59.9","106.9","16.2","1.304","53","79"
"2016-09-30","107","80.5","143.3","15.7","1.463","61.9","169"
"2016-10-01","134","101.6","194.6","15.6","1.817","87.1","199"
"2016-10-02","154","116.7","228.4","15.4","1.95","93.2","191"
"2016-10-03","132","94","197.2","16.7","1.875","77.9","182"
"2016-10-04","143","52.8","198","13.6","1.079","47.2","69"
"2016-10-05","49","25.1","52.7","17.9","0.879","42.4","35"
"2016-10-06","65","45.1","73.1","8.6","1.054","44.7","19"
"2016-10-07","48","25.3","53.2","7.1","1.246","41.2","44"
"2016-10-08","62","38.6","72.5","12","1.3","51.3","86"
"2016-10-09","66","42","70.3","13.3","1.267","47.3","31"
"2016-10-10","101","75.5","107.7","14.5","1.433","52.9","42"
"2016-10-11","114","86","122.1","12.7","1.525","59.2","49"
"2016-10-12","97","71.9","117.9","12.4","1.508","58.2","28"
"2016-10-13","105","78","121.4","12.1","1.288","55.3","74"
"2016-10-14","75","50.4","92.3","13.1","1.058","50.2","52"
"2016-10-15","75","54.4","80.9","6.8","1","39.4","32"
"2016-10-16","76","51","84","10.7","1.321","45.3","63"
"2016-10-17","73","41.9","96.2","14","1.442","59.5","93"
"2016-10-18","106","75.1","146","16.4","1.683","68.5","143"
"2016-10-19","141","107.5","194.2","15.5","1.817","79.2","130"
"2016-10-20","105","72","146.7","12","1.508","58.3","100"
"2016-10-21","57","26.3","65.1","8.6","1.288","36.1","33"
"2016-10-22","51","26.9","58.7","7.5","1.071","39.3","29"
"2016-10-23","31","20.8","30.3","7.6","1.2","31","29"
"2016-10-24","35","20.3","34","10.5","1.333","37.2","27"
"2016-10-25","54","35.8","51.8","8.8","1.667","36.3","12"
"2016-10-26","52","36","51.3","11.5","1.888","42.5","15"
"2016-10-27","31","19","29.9","8.1","1.408","34.7","46"
"2016-10-28","30","13.5","30.6","8.1","0.688","30.5","60"
"2016-10-29","56","28.6","62.3","9.3","0.871","44.4","66"
"2016-10-30","83","58.9","109.8","12.7","1.263","56.5","38"
"2016-10-31","78","43.5","100.4","14.3","1.208","47.3","77"
"2016-11-01","100","74.1","129.3","17.1","1.417","53.2","34"
"2016-11-02","166","126.3","207","17.4","2.025","69.1","40"
"2016-11-03","227","178.2","273.6","20.4","2.646","100.8","44"
"2016-11-04","216","168","246","21.5","2.613","99.4","46"
"2016-11-05","240","189.6","275.3","21.5","2.817","99.2","78"
"2016-11-06","211","166.7","243.4","19.8","2.625","65","33"
"2016-11-07","66","24.3","81.5","12","1.229","34","42"
"2016-11-08","77","42","102.2","18.2","1.471","48.3","40"
"2016-11-09","131","99.3","157.1","19.3","1.804","56.5","16"
"2016-11-10","235","92.8","298.2","16.1","1.883","57.5","62"
"2016-11-11","203","87.8","313","21.2","2.138","64.7","55"
"2016-11-12","145","104.3","237.5","23.9","2.343","79.2","34"
"2016-11-13","223","172.1","327.1","32","2.921","101.7","62"
"2016-11-14","217","168","287","26.7","2.913","94.5","29"
"2016-11-15","203","155.1","252.7","32.7","2.804","80.9","54"
"2016-11-16","269","219.1","319","33.2","2.857","86.9","26"
"2016-11-17","306","255.5","369.4","35.1","3.017","82.4","42"
"2016-11-18","238","188.3","276.8","24.2","2.409","66.9","18"
"2016-11-19","179","130.7","256.8","22","2.025","58.8","37"
"2016-11-20","190","144.9","257.3","34.6","2.192","67.1","16"
"2016-11-21","184","138.7","232.5","26.4","2.042","54.9","27"
"2016-11-22","45","15","48.9","9.8","0.925","31","54"
"2016-11-23","46","29.9","45","16.3","1.233","45.5","52"
"2016-11-24","91","66.6","89.8","29.7","1.608","62.3","35"
"2016-11-25","137","104","135.7","30","1.883","69.7","20"
"2016-11-26","146","84.4","230.6","28.6","2.033","68.7","53"
"2016-11-27","182","138.5","271.3","49","2.896","85.9","38"
"2016-11-28","222","173","300.9","49.7","2.721","78.8","21"
"2016-11-29","147","107.1","207.6","38.1","1.938","60.4","58"
"2016-11-30","117","80.3","161.3","32.3","2","70.1","60"
